Var1,Var2
0.600281055,3.74208974
0.230306832,0.872726079
0.378326645,3.002503155
