target,diametermm
1,5.99869
2,6.00053
3,5.99925
4,6.0009
5,5.9996
6,6.00188
7,6.00187
8,6.00091
9,5.99903
10,5.99889
11,6.00037
12,5.99907
13,6.00012
14,6.00114
15,5.99867
16,5.99962
17,5.99989
18,6.00147
19,6.0017
20,6.00153
21,6.0007
22,6.0018
